"seq_id","seq_length","start","end","length","primer_id","penalty","sequence","tm","gc_percent","self_any_th","self_end_th","hairpin_th","end_stability","pcr_product_size","intergenic","intronic","exonic","sequence_smartseq","panel","screen","available"
"AKIP1",446,245,264,20,"AKIP1.primer_left_5",0.676163,"GGACAAAGCGTGGACCTGGT",62.676,60,0,0,0,4,202,0,0,0,"GTCTCGTGGGCTCGGAGATGTGTATAAGAGACAGGGACAAAGCGTGGACCTGGT","chr11_hs2","inhibition",1
"ARFIP2",422,250,269,20,"ARFIP2.primer_left_0",0.036536,"CCCTGGGCCAATGATGTTGC",61.963,60,8.04,0,0,4.17,173,1,0,0,"GTCTCGTGGGCTCGGAGATGTGTATAAGAGACAGCCCTGGGCCAATGATGTTGC","chr11_hs2","inhibition",1
"BET1L",466,202,221,20,"BET1L.primer_left_9",0.402557,"AGCCCTGTACACCTGACCCT",62.403,60,0,0,0,4.34,265,1,0,0,"GTCTCGTGGGCTCGGAGATGTGTATAAGAGACAGAGCCCTGTACACCTGACCCT","chr11_hs2","inhibition",1
"C11orf58",440,147,171,25,"C11orf58.primer_left_7",5.849921,"GGGGGAAATGCTTCTTTTTGTTTGT",61.15,40,0,0,0,2.83,294,1,0,0,"GTCTCGTGGGCTCGGAGATGTGTATAAGAGACAGGGGGGAAATGCTTCTTTTTGTTTGT","chr11_hs2","inhibition",1
"CARS",467,303,322,20,"CARS.primer_left_2",0.116983,"AGTGACAATGTCCCAGCGCT",62.117,55,2.64,2.64,0,5.92,165,0,0,0,"GTCTCGTGGGCTCGGAGATGTGTATAAGAGACAGAGTGACAATGTCCCAGCGCT","chr11_hs2","inhibition",1
"CD151",465,248,267,20,"CD151.primer_left_2",0.137398,"GTCACCACCACCCGAAATGC",61.863,60,0,0,0,3.56,218,0,0,1,"GTCTCGTGGGCTCGGAGATGTGTATAAGAGACAGGTCACCACCACCCGAAATGC","chr11_hs2","inhibition",1
"CD81",392,141,160,20,"CD81.primer_left_5",0.533974,"CCCAGAGACTCAGCTTGGCC",62.534,65,5.02,0,0,5.36,252,2,1,0,"GTCTCGTGGGCTCGGAGATGTGTATAAGAGACAGCCCAGAGACTCAGCTTGGCC","chr11_hs2","inhibition",1
"CHID1",399,110,129,20,"CHID1.primer_left_1",0.129945,"GGCACGTCGTCTTCTACCCA",61.87,60,0,0,0,4.51,290,0,0,0,"GTCTCGTGGGCTCGGAGATGTGTATAAGAGACAGGGCACGTCGTCTTCTACCCA","chr11_hs2","inhibition",1
"COPB1",384,88,107,20,"COPB1.primer_left_2",0.09501,"TGCTGCTGTTACCGGCCATA",61.905,55,0,0,42.66,2.74,297,0,0,0,"GTCTCGTGGGCTCGGAGATGTGTATAAGAGACAGTGCTGCTGTTACCGGCCATA","chr11_hs2","inhibition",1
"CSNK2A3",410,114,133,20,"CSNK2A3.primer_left_4",0.280937,"ACCCCCAAGCTGCTTCTGAA",61.719,55,12.82,0,0,3.02,297,12,4,1,"GTCTCGTGGGCTCGGAGATGTGTATAAGAGACAGACCCCCAAGCTGCTTCTGAA","chr11_hs2","inhibition",1
"CTR9",493,318,340,23,"CTR9.primer_left_6",3.872119,"AAGGTTTGACTGAAACTGTGGCA",61.128,43.478,0,0,43.2,4.92,176,0,0,0,"GTCTCGTGGGCTCGGAGATGTGTATAAGAGACAGAAGGTTTGACTGAAACTGTGGCA","chr11_hs2","inhibition",1
"CTSD",402,151,170,20,"CTSD.primer_left_4",0.344886,"AACCCACCTTGTTGGAGCCT",61.655,55,0,0,39.24,4.58,252,3,1,1,"GTCTCGTGGGCTCGGAGATGTGTATAAGAGACAGAACCCACCTTGTTGGAGCCT","chr11_hs2","inhibition",1
"DEAF1",406,243,262,20,"DEAF1.primer_left_0",0.260662,"GGATCATGAGCGTCCGGTCT",61.739,60,18.24,0,42.49,3.85,164,0,0,0,"GTCTCGTGGGCTCGGAGATGTGTATAAGAGACAGGGATCATGAGCGTCCGGTCT","chr11_hs2","inhibition",1
"EIF3F",400,246,265,20,"EIF3F.primer_left_1",0.343475,"ACCTGGCCAACCTCACACAG",62.343,60,7.01,0,36.63,3.66,155,7,2,0,"GTCTCGTGGGCTCGGAGATGTGTATAAGAGACAGACCTGGCCAACCTCACACAG","chr11_hs2","inhibition",1
"EIF4G2",490,236,256,21,"EIF4G2.primer_left_6",1.687509,"ATCCTTGAGCCTGGGCAAGTG",62.688,57.143,14.39,4.65,44.88,3.16,255,4,1,0,"GTCTCGTGGGCTCGGAGATGTGTATAAGAGACAGATCCTTGAGCCTGGGCAAGTG","chr11_hs2","inhibition",0
"FANCF",445,208,228,21,"FANCF.primer_left_3",1.317531,"ACAAGTTTTGGGTCTCAGCGC",61.682,52.381,0,0,34.12,5.92,238,0,0,0,"GTCTCGTGGGCTCGGAGATGTGTATAAGAGACAGACAAGTTTTGGGTCTCAGCGC","chr11_hs2","inhibition",1
"FAR1",384,111,131,21,"FAR1.primer_left_9",1.016313,"TCCAGGGTGTCATTGGGTTCC",62.016,57.143,0,0,32.76,3.62,274,0,0,0,"GTCTCGTGGGCTCGGAGATGTGTATAAGAGACAGTCCAGGGTGTCATTGGGTTCC","chr11_hs2","inhibition",1
"GTF2H1",413,260,279,20,"GTF2H1.primer_left_0",0.116983,"ACATCTGCTCCACGCCAACT",62.117,55,0,0,38.05,3.16,154,0,0,0,"GTCTCGTGGGCTCGGAGATGTGTATAAGAGACAGACATCTGCTCCACGCCAACT","chr11_hs2","inhibition",1
"HRAS",396,161,180,20,"HRAS.primer_left_6",0.172601,"GGAAGGAGGTGCAGACGGAA",61.827,60,0,0,0,4.3,236,1,0,0,"GTCTCGTGGGCTCGGAGATGTGTATAAGAGACAGGGAAGGAGGTGCAGACGGAA","chr11_hs2","inhibition",1
"HTATIP2",498,335,354,20,"HTATIP2.primer_left_5",0.18402,"CCTGATGCCACTGGTTCCGA",62.184,60,0,0,0,4.55,164,0,0,0,"GTCTCGTGGGCTCGGAGATGTGTATAAGAGACAGCCTGATGCCACTGGTTCCGA","chr11_hs2","inhibition",1
"IFITM1",443,223,242,20,"IFITM1.primer_left_0",0.080222,"CGGGGTTACTAGTAGCCGCC",62.08,65,32.93,27.53,43.23,6.13,221,0,0,2,"GTCTCGTGGGCTCGGAGATGTGTATAAGAGACAGCGGGGTTACTAGTAGCCGCC","chr11_hs2","inhibition",1
"IFITM2",362,190,209,20,"IFITM2.primer_left_0",0.03882,"GCTCTGCCCGTGACCTGTAT",61.961,60,0,0,0,2.29,173,0,0,0,"GTCTCGTGGGCTCGGAGATGTGTATAAGAGACAGGCTCTGCCCGTGACCTGTAT","chr11_hs2","inhibition",1
"ILK",495,257,276,20,"ILK.primer_left_8",0.439553,"TGGTTGGGGGAATGCACCTC",62.44,60,0,0,37.87,3.85,239,0,0,2,"GTCTCGTGGGCTCGGAGATGTGTATAAGAGACAGTGGTTGGGGGAATGCACCTC","chr11_hs2","inhibition",1
"IPO7",391,145,165,21,"IPO7.primer_left_9",1.039295,"AGGCACATGGTTCCCTCCAAA",61.961,52.381,0,0,41.09,3.28,247,1,1,0,"GTCTCGTGGGCTCGGAGATGTGTATAAGAGACAGAGGCACATGGTTCCCTCCAAA","chr11_hs2","inhibition",1
"LDHA",470,179,199,21,"LDHA.primer_left_3",1.270729,"AGCCAGGTGGATGTTTACCGT",61.729,52.381,0,0,41.85,4.83,292,1,0,0,"GTCTCGTGGGCTCGGAGATGTGTATAAGAGACAGAGCCAGGTGGATGTTTACCGT","chr11_hs2","inhibition",1
"MOB2",468,292,311,20,"MOB2.primer_left_6",0.217799,"ATGGTGCAGTCCTCAGGCAA",61.782,55,0,0,39.57,4.52,177,1,1,0,"GTCTCGTGGGCTCGGAGATGTGTATAAGAGACAGATGGTGCAGTCCTCAGGCAA","chr11_hs2","inhibition",1
"MRPL17",383,133,152,20,"MRPL17.primer_left_0",0.325393,"ATCGGAGTTTGGATCGGGCC",62.325,60,0,0,0,5.8,251,0,0,0,"GTCTCGTGGGCTCGGAGATGTGTATAAGAGACAGATCGGAGTTTGGATCGGGCC","chr11_hs2","inhibition",1
"MRPL23",451,180,198,19,"MRPL23.primer_left_2",2.223746,"CTGGTTCGGGCTGTGACGG",63.224,68.421,0,0,0,4.79,272,0,0,0,"GTCTCGTGGGCTCGGAGATGTGTATAAGAGACAGCTGGTTCGGGCTGTGACGG","chr11_hs2","inhibition",1
"NAP1L4",466,196,215,20,"NAP1L4.primer_left_0",0.070654,"GGTTTGGTGTGACCGCTTGG",62.071,60,0,0,42.58,3.61,271,0,0,0,"GTCTCGTGGGCTCGGAGATGTGTATAAGAGACAGGGTTTGGTGTGACCGCTTGG","chr11_hs2","inhibition",1
"NCR3LG1",483,237,256,20,"NCR3LG1.primer_left_1",0.079266,"TTGGCCAGGGCATATCGTGT",61.921,55,18.18,0,44.11,4.49,247,0,0,0,"GTCTCGTGGGCTCGGAGATGTGTATAAGAGACAGTTGGCCAGGGCATATCGTGT","chr11_hs2","inhibition",1
"NUCB2",411,139,161,23,"NUCB2.primer_left_0",5.524789,"AGTGATGGATTCCTGGATGAACA",59.475,43.478,3.95,0,0,3.18,273,0,0,0,"GTCTCGTGGGCTCGGAGATGTGTATAAGAGACAGAGTGATGGATTCCTGGATGAACA","chr11_hs2","inhibition",1
"NUP98",453,231,250,20,"NUP98.primer_left_0",0.078131,"ATGGAGTTGGGCGTTAGGGG",61.922,60,0,0,0,4.79,223,0,0,0,"GTCTCGTGGGCTCGGAGATGTGTATAAGAGACAGATGGAGTTGGGCGTTAGGGG","chr11_hs2","inhibition",1
"PDE3B",478,271,291,21,"PDE3B.primer_left_0",1.844357,"CCAGTGTTGCCTTTCTGAGGG",61.156,57.143,0,0,46.4,4.3,208,0,0,0,"GTCTCGTGGGCTCGGAGATGTGTATAAGAGACAGCCAGTGTTGCCTTTCTGAGGG","chr11_hs2","inhibition",1
"PGAP2",380,157,176,20,"PGAP2.primer_left_3",0.107181,"CCATCTGAGCCTCGGTGTGT",61.893,60,0,0,0,3.72,224,2,0,0,"GTCTCGTGGGCTCGGAGATGTGTATAAGAGACAGCCATCTGAGCCTCGGTGTGT","chr11_hs2","inhibition",1
"PHRF1",439,272,292,21,"PHRF1.primer_left_9",1.003475,"GTCTGTGCACCTGTGTTGCTC",61.997,57.143,15.69,0,0,4.26,168,2,0,0,"GTCTCGTGGGCTCGGAGATGTGTATAAGAGACAGGTCTGTGCACCTGTGTTGCTC","chr11_hs2","inhibition",1
"PKP3",451,260,279,20,"PKP3.primer_left_3",0.369874,"AGGCTGCTCTGGTGTATGGG",61.63,60,0,0,0,4,192,1,2,0,"GTCTCGTGGGCTCGGAGATGTGTATAAGAGACAGAGGCTGCTCTGGTGTATGGG","chr11_hs2","inhibition",1
"PNPLA2",490,282,301,20,"PNPLA2.primer_left_3",0.092778,"CTGCATGCACTGAGAGGGGA",61.907,60,18.46,0,0,4.81,209,2,1,0,"GTCTCGTGGGCTCGGAGATGTGTATAAGAGACAGCTGCATGCACTGAGAGGGGA","chr11_hs2","inhibition",1
"POLR2L",419,228,247,20,"POLR2L.primer_left_6",0.238847,"TCCTGCCCCGAATTCACGAG",62.239,60,6.22,0,35.09,4.18,192,0,0,0,"GTCTCGTGGGCTCGGAGATGTGTATAAGAGACAGTCCTGCCCCGAATTCACGAG","chr11_hs2","inhibition",1
"PRMT3",429,236,260,25,"PRMT3.primer_left_0",7.304101,"TCAAACCAGATTTATGTGCAAAGGT",59.696,36,0,0,0,3.5,194,0,0,0,"GTCTCGTGGGCTCGGAGATGTGTATAAGAGACAGTCAAACCAGATTTATGTGCAAAGGT","chr11_hs2","inhibition",1
"PSMA1",390,129,149,21,"PSMA1.primer_left_8",1.522494,"GACCACAGAGAAAGGCACAGC",61.478,57.143,0,0,0,4.4,262,4,3,0,"GTCTCGTGGGCTCGGAGATGTGTATAAGAGACAGGACCACAGAGAAAGGCACAGC","chr11_hs2","inhibition",1
"PSMD13",454,179,198,20,"PSMD13.primer_left_1",0.100525,"TTTGGGTGGGGGTTGGGATC",62.101,60,0,0,0,3.36,276,0,0,0,"GTCTCGTGGGCTCGGAGATGTGTATAAGAGACAGTTTGGGTGGGGGTTGGGATC","chr11_hs2","inhibition",1
"RASSF7",436,219,238,20,"RASSF7.primer_left_2",0.178939,"AGGAGAGTTGGCGGTCACAG",61.821,60,0,0,0,3.66,218,0,0,0,"GTCTCGTGGGCTCGGAGATGTGTATAAGAGACAGAGGAGAGTTGGCGGTCACAG","chr11_hs2","inhibition",1
"RHOG",498,277,296,20,"RHOG.primer_left_2",0.358448,"CCCCCTCCCATTTTCCGCTA",61.642,60,0,0,0,4.26,222,0,1,0,"GTCTCGTGGGCTCGGAGATGTGTATAAGAGACAGCCCCCTCCCATTTTCCGCTA","chr11_hs2","inhibition",0
"RIC8A",455,291,310,20,"RIC8A.primer_left_0",0.063015,"AAATGCCCCTCGTGTGACCA",62.063,55,0,0,0,4.02,165,0,0,0,"GTCTCGTGGGCTCGGAGATGTGTATAAGAGACAGAAATGCCCCTCGTGTGACCA","chr11_hs2","inhibition",1
"RNH1",490,227,246,20,"RNH1.primer_left_4",0.43461,"CAAGCCATCCCTGAGGGTCA",61.565,60,18.83,0,44.74,4.02,264,4,2,0,"GTCTCGTGGGCTCGGAGATGTGTATAAGAGACAGCAAGCCATCCCTGAGGGTCA","chr11_hs2","inhibition",1
"RPL27A",359,107,126,20,"RPL27A.primer_left_0",0.268567,"GGTGCGATCGGGCTACTACA",61.731,60,18.3,0,0,2.74,253,0,0,0,"GTCTCGTGGGCTCGGAGATGTGTATAAGAGACAGGGTGCGATCGGGCTACTACA","chr11_hs2","inhibition",1
"RPLP2",463,291,310,20,"RPLP2.primer_left_3",0.227181,"AGCTTGCCAGTGTACCTGCT",61.773,55,5.98,0,40.06,4.24,173,3,1,0,"GTCTCGTGGGCTCGGAGATGTGTATAAGAGACAGAGCTTGCCAGTGTACCTGCT","chr11_hs2","inhibition",1
"RPS13",400,143,165,23,"RPS13.primer_left_9",3.224452,"ATGCCCTGATTTCTGAGCCTTGA",62.224,47.826,0,0,0,3.02,258,0,0,0,"GTCTCGTGGGCTCGGAGATGTGTATAAGAGACAGATGCCCTGATTTCTGAGCCTTGA","chr11_hs2","inhibition",1
"RRAS2",472,206,225,20,"RRAS2.primer_left_0",0.225106,"AGCTACCAACGGCCAGGAAA",61.775,55,12.46,0.33,0,3.13,267,0,0,0,"GTCTCGTGGGCTCGGAGATGTGTATAAGAGACAGAGCTACCAACGGCCAGGAAA","chr11_hs2","inhibition",1
"RRM1",473,286,305,20,"RRM1.primer_left_0",0.807854,"AGGACAAGACCAGCGGCTAA",61.192,55,0.26,0,0,3.09,188,0,0,0,"GTCTCGTGGGCTCGGAGATGTGTATAAGAGACAGAGGACAAGACCAGCGGCTAA","chr11_hs2","inhibition",1
"RRP8",487,279,298,20,"RRP8.primer_left_1",0.125766,"GACCTGGTTCCTGGTGGACC",62.126,65,21.9,6.81,43.06,4.46,209,2,2,0,"GTCTCGTGGGCTCGGAGATGTGTATAAGAGACAGGACCTGGTTCCTGGTGGACC","chr11_hs2","inhibition",1
"SAAL1",387,208,229,22,"SAAL1.primer_left_8",2.540967,"TCGGCAGAGTCTAACACAGAGG",61.459,54.545,0,0,32.51,3.69,180,0,0,0,"GTCTCGTGGGCTCGGAGATGTGTATAAGAGACAGTCGGCAGAGTCTAACACAGAGG","chr11_hs2","inhibition",1
"SIGIRR",413,213,232,20,"SIGIRR.primer_left_1",0.04338,"GGCTCGCGAAACTACAGTGC",61.957,60,11.33,6.44,0,4.4,201,0,0,0,"GTCTCGTGGGCTCGGAGATGTGTATAAGAGACAGGGCTCGCGAAACTACAGTGC","chr11_hs2","inhibition",1
"SIRT3",400,159,178,20,"SIRT3.primer_left_9",1.044081,"GCCTAGTTGAACGGCAAGCT",60.956,55,9,0,43.25,3.74,242,0,0,0,"GTCTCGTGGGCTCGGAGATGTGTATAAGAGACAGGCCTAGTTGAACGGCAAGCT","chr11_hs2","inhibition",1
"SLC25A22",489,260,279,20,"SLC25A22.primer_left_3",0.244117,"GATCCCTGCTGTGAGCCGAA",62.244,60,0,0,41.51,4.3,230,5,2,0,"GTCTCGTGGGCTCGGAGATGTGTATAAGAGACAGGATCCCTGCTGTGAGCCGAA","chr11_hs2","inhibition",1
"SPTY2D1",441,142,161,20,"SPTY2D1.primer_left_3",0.121992,"CAGTGAGCAGCTTGGGACCT",62.122,60,0,0,0,3.85,300,3,0,0,"GTCTCGTGGGCTCGGAGATGTGTATAAGAGACAGCAGTGAGCAGCTTGGGACCT","chr11_hs2","inhibition",1
"STIM1",388,93,112,20,"STIM1.primer_left_6",0.275715,"TCAGGCCTCCAGGGATCCAT",62.276,60,15.23,2.55,37.23,3.41,296,6,3,0,"GTCTCGTGGGCTCGGAGATGTGTATAAGAGACAGTCAGGCCTCCAGGGATCCAT","chr11_hs2","inhibition",1
"SVIP",480,288,310,23,"SVIP.primer_left_7",3.237282,"AGTGATACCATCAGAGGGCAGTG",61.763,52.174,0,0,40.53,3.66,193,0,0,0,"GTCTCGTGGGCTCGGAGATGTGTATAAGAGACAGAGTGATACCATCAGAGGGCAGTG","chr11_hs2","inhibition",1
"TAF10",491,228,247,20,"TAF10.primer_left_0",0.124507,"CCAACCATGTCCCGACACCT",62.125,60,0,0,45.05,4,264,0,0,2,"GTCTCGTGGGCTCGGAGATGTGTATAAGAGACAGCCAACCATGTCCCGACACCT","chr11_hs2","inhibition",1
"TALDO1",487,254,273,20,"TALDO1.primer_left_3",0.140573,"AGTTTGCCGCTGATGCAGTG",61.859,55,0,0,40.35,3.66,234,0,0,0,"GTCTCGTGGGCTCGGAGATGTGTATAAGAGACAGAGTTTGCCGCTGATGCAGTG","chr11_hs2","inhibition",1
"TEAD1",366,155,176,22,"TEAD1.primer_left_0",4.961062,"ACGTCTGTGTTTAGGTACTGGT",59.039,45.455,0,0,41.52,4,212,0,0,0,"GTCTCGTGGGCTCGGAGATGTGTATAAGAGACAGACGTCTGTGTTTAGGTACTGGT","chr11_hs2","inhibition",1
"TIMM10B",434,222,242,21,"TIMM10B.primer_left_4",1.196971,"GGAGATTGGTTCCTGCCCAGA",61.803,57.143,0,0,32.49,3.86,213,3,1,1,"GTCTCGTGGGCTCGGAGATGTGTATAAGAGACAGGGAGATTGGTTCCTGCCCAGA","chr11_hs2","inhibition",1
"TMEM41B",475,297,319,23,"TMEM41B.primer_left_3",3.76874,"GAAAGTGCTTTTTGCTGCTTGGT",61.231,43.478,0,0,43.37,3.67,179,0,0,0,"GTCTCGTGGGCTCGGAGATGTGTATAAGAGACAGGAAAGTGCTTTTTGCTGCTTGGT","chr11_hs2","inhibition",1
"TMEM9B",451,177,197,21,"TMEM9B.primer_left_1",1.850278,"GCTGTGTCTGCACTTCATGGT",61.15,52.381,0,0,45.44,3.55,275,0,0,0,"GTCTCGTGGGCTCGGAGATGTGTATAAGAGACAGGCTGTGTCTGCACTTCATGGT","chr11_hs2","inhibition",1
"TOLLIP",401,194,213,20,"TOLLIP.primer_left_5",0.442557,"GTGAAAGAGCACCCGTGTCG",61.557,60,0,0,32.68,4.35,208,0,0,0,"GTCTCGTGGGCTCGGAGATGTGTATAAGAGACAGGTGAAAGAGCACCCGTGTCG","chr11_hs2","inhibition",1
"TPP1",434,245,264,20,"TPP1.primer_left_8",1.323218,"GTGGCAGATGTTAACGCCCT",60.677,55,16.6,4.52,44.22,5.19,190,0,0,0,"GTCTCGTGGGCTCGGAGATGTGTATAAGAGACAGGTGGCAGATGTTAACGCCCT","chr11_hs2","inhibition",1
"TRIM5",479,245,266,22,"TRIM5.primer_left_0",2.004375,"ACCCTGGTTCGGTTATTACGCA",61.996,50,0,0,0,5.24,235,0,0,0,"GTCTCGTGGGCTCGGAGATGTGTATAAGAGACAGACCCTGGTTCGGTTATTACGCA","chr11_hs2","inhibition",1
"TSG101",452,244,264,21,"TSG101.primer_left_3",1.243966,"GAAGGGGCGTGATAGACCTGG",62.244,61.905,0,0,39.91,4.45,209,0,0,0,"GTCTCGTGGGCTCGGAGATGTGTATAAGAGACAGGAAGGGGCGTGATAGACCTGG","chr11_hs2","inhibition",1
"TSPAN4",399,176,195,20,"TSPAN4.primer_left_2",0.420466,"GGAAAACAGGTTGGCGCTGG",62.42,60,7.64,0,0,4.85,224,0,0,0,"GTCTCGTGGGCTCGGAGATGTGTATAAGAGACAGGGAAAACAGGTTGGCGCTGG","chr11_hs2","inhibition",1
"TSSC4",499,271,290,20,"TSSC4.primer_left_0",0.064673,"GGAGTCGAGACCACTTCCGG",61.935,65,0,0,0,5.14,229,0,0,0,"GTCTCGTGGGCTCGGAGATGTGTATAAGAGACAGGGAGTCGAGACCACTTCCGG","chr11_hs2","inhibition",1
"USP47",433,278,298,21,"USP47.primer_left_1",1.221931,"CCATTTTGGCCGGACATGGTT",61.778,52.381,18.89,0,31.33,3.67,156,0,0,0,"GTCTCGTGGGCTCGGAGATGTGTATAAGAGACAGCCATTTTGGCCGGACATGGTT","chr11_hs2","inhibition",1
"WEE1",372,146,169,24,"WEE1.primer_left_3",4.112059,"TGTTTTGCCCGGTTTTTCTCTTCA",61.888,41.667,0,0,0,3.02,227,0,0,0,"GTCTCGTGGGCTCGGAGATGTGTATAAGAGACAGTGTTTTGCCCGGTTTTTCTCTTCA","chr11_hs2","inhibition",1
"ZBED5",423,124,143,20,"ZBED5.primer_left_0",0.480426,"GCGTGCAGTGCGTGTACTTC",62.48,60,11.2,0,39.51,3.01,300,0,0,0,"GTCTCGTGGGCTCGGAGATGTGTATAAGAGACAGGCGTGCAGTGCGTGTACTTC","chr11_hs2","inhibition",1
"ZNF143",382,229,248,20,"ZNF143.primer_left_0",0.261654,"GAAATCCATGAAGCCCGGGC",61.738,60,39.29,39.29,42.33,6.13,154,0,0,0,"GTCTCGTGGGCTCGGAGATGTGTATAAGAGACAGGAAATCCATGAAGCCCGGGC","chr11_hs2","inhibition",1
"ZNF195",475,190,210,21,"ZNF195.primer_left_0",1.052422,"ACACAGGAGGATTCACACCGG",62.052,57.143,0,0,0,5.28,286,0,0,0,"GTCTCGTGGGCTCGGAGATGTGTATAAGAGACAGACACAGGAGGATTCACACCGG","chr11_hs2","inhibition",1
"ZNF215",474,313,333,21,"ZNF215.primer_left_6",1.753265,"CCTCCCCATCAGAGCTGAACT",61.247,57.143,4.06,0,43.58,3.01,162,1,0,0,"GTCTCGTGGGCTCGGAGATGTGTATAAGAGACAGCCTCCCCATCAGAGCTGAACT","chr11_hs2","inhibition",1
"HBB",363,203,222,20,"HBB.primer_left_2",0.463675,"GCAAGAAAGTGCTCGGTGCC",62.464,60,0,0,41.51,5.01,161,0,1,0,"GTCTCGTGGGCTCGGAGATGTGTATAAGAGACAGGCAAGAAAGTGCTCGGTGCC","chr11_hs2","validation",1
"HBD",432,264,283,20,"HBD.primer_left_3",0.691217,"GGCAAGAAGGTGCTAGGTGC",61.309,60,0,0,44.31,5.01,169,0,2,0,"GTCTCGTGGGCTCGGAGATGTGTATAAGAGACAGGGCAAGAAGGTGCTAGGTGC","chr11_hs2","validation",1
"HBE1",404,249,268,20,"HBE1.primer_left_7",0.640581,"ACAACCTCAAGCCCGCCTTT",62.641,55,0,0,0,3.11,156,0,0,1,"GTCTCGTGGGCTCGGAGATGTGTATAAGAGACAGACAACCTCAAGCCCGCCTTT","chr11_hs2","validation",1
"HBG1",366,138,157,20,"HBG1.primer_left_7",0.819544,"TGCCACAAAGCACCTGGATG",61.18,55,0,0,38,3.51,229,5,3,0,"GTCTCGTGGGCTCGGAGATGTGTATAAGAGACAGTGCCACAAAGCACCTGGATG","chr11_hs2","validation",1
"HBG2",493,313,333,21,"HBG2.primer_left_9",1.068697,"AAGATGGTGACTGGAGTGGCC",62.069,57.143,0,0,37.1,5.36,181,0,2,0,"GTCTCGTGGGCTCGGAGATGTGTATAAGAGACAGAAGATGGTGACTGGAGTGGCC","chr11_hs2","validation",1
"ASAP1",459,304,325,22,"ASAP1.primer_left_1",3.972439,"AGTGCCACTAGTTAAATGCCGA",60.028,45.455,0,0,0,5.54,156,0,0,0,"GTCTCGTGGGCTCGGAGATGTGTATAAGAGACAGAGTGCCACTAGTTAAATGCCGA","chr8_myc","inhibition",1
"ATAD2",417,233,255,23,"ATAD2.primer_left_7",3.38951,"AAGCAATGCCAGTCACTGAGAAC",61.61,47.826,6.3,0,32.44,3.01,185,0,0,0,"GTCTCGTGGGCTCGGAGATGTGTATAAGAGACAGAAGCAATGCCAGTCACTGAGAAC","chr8_myc","inhibition",1
"C8orf76",498,221,245,25,"C8orf76.primer_left_2",6.602101,"AGTGGTTCAGAAAGATCAAAGACCA",60.398,40,0,0,0,4.02,278,0,0,0,"GTCTCGTGGGCTCGGAGATGTGTATAAGAGACAGAGTGGTTCAGAAAGATCAAAGACCA","chr8_myc","inhibition",1
"DERL1",421,240,260,21,"DERL1.primer_left_0",1.286021,"ACAGGCGTGGAGACTCATTGT",61.714,52.381,11.67,0,34.57,2.71,182,0,0,0,"GTCTCGTGGGCTCGGAGATGTGTATAAGAGACAGACAGGCGTGGAGACTCATTGT","chr8_myc","inhibition",1
"EFR3A",411,188,208,21,"EFR3A.primer_left_0",1.660677,"ACTTGTGTTGTCTGTGACCGC",61.339,52.381,0,0,0,5.68,224,0,0,0,"GTCTCGTGGGCTCGGAGATGTGTATAAGAGACAGACTTGTGTTGTCTGTGACCGC","chr8_myc","inhibition",1
"FAM49B",377,118,141,24,"FAM49B.primer_left_2",6.468153,"ACAAATGGTACCCAACACAAACTT",59.532,37.5,10.07,0,36.95,2.66,260,0,0,0,"GTCTCGTGGGCTCGGAGATGTGTATAAGAGACAGACAAATGGTACCCAACACAAACTT","chr8_myc","inhibition",1
"FAM83A",467,284,304,21,"FAM83A.primer_left_8",1.001911,"CCAGGTCACAGAAGCTCCCAA",61.998,57.143,0,0,0,4.12,184,2,0,0,"GTCTCGTGGGCTCGGAGATGTGTATAAGAGACAGCCAGGTCACAGAAGCTCCCAA","chr8_myc","inhibition",1
"FAM91A1",488,303,326,24,"FAM91A1.primer_left_0",6.038763,"TGAGTACAGTGGATCGTTTTCTGT",59.961,41.667,0,0,41.32,3.41,186,0,0,0,"GTCTCGTGGGCTCGGAGATGTGTATAAGAGACAGTGAGTACAGTGGATCGTTTTCTGT","chr8_myc","inhibition",1
"MRPL13",499,214,234,21,"MRPL13.primer_left_2",1.450153,"CGCCTTCCCAAGATTGTGGAC",61.55,57.143,3.22,0,41.65,4.02,286,0,0,0,"GTCTCGTGGGCTCGGAGATGTGTATAAGAGACAGCGCCTTCCCAAGATTGTGGAC","chr8_myc","inhibition",1
"MTBP",422,209,233,25,"MTBP.primer_left_0",8.426587,"AGTTTGAGGGATGCTATGTTAATGT",58.573,36,0,0,0,2.71,214,0,0,0,"GTCTCGTGGGCTCGGAGATGTGTATAAGAGACAGAGTTTGAGGGATGCTATGTTAATGT","chr8_myc","inhibition",1
"NDUFB9",386,101,120,20,"NDUFB9.primer_left_1",0.161927,"GGAGGGAAAGCTGGGAACGA",61.838,60,0,0,0,3.85,286,0,1,0,"GTCTCGTGGGCTCGGAGATGTGTATAAGAGACAGGGAGGGAAAGCTGGGAACGA","chr8_myc","inhibition",1
"NSMCE2",390,177,196,20,"NSMCE2.primer_left_8",0.596313,"CCAGCAGCCTACCTCCTACC",61.404,65,0,0,0,3.18,214,4,1,0,"GTCTCGTGGGCTCGGAGATGTGTATAAGAGACAGCCAGCAGCCTACCTCCTACC","chr8_myc","inhibition",1
"PHF20L1",452,177,202,26,"PHF20L1.primer_left_3",6.043723,"GCGCTGAGCTTTTCTTATTGAAGAGA",62.044,42.308,1.78,0,41.88,3.1,276,0,0,0,"GTCTCGTGGGCTCGGAGATGTGTATAAGAGACAGGCGCTGAGCTTTTCTTATTGAAGAGA","chr8_myc","inhibition",1
"RNF139",371,130,152,23,"RNF139.primer_left_0",3.758745,"ACCTTCAGTGTGTAACCAAGCAC",61.241,47.826,0,0,34.36,4.4,242,0,0,0,"GTCTCGTGGGCTCGGAGATGTGTATAAGAGACAGACCTTCAGTGTGTAACCAAGCAC","chr8_myc","inhibition",1
"SQLE",447,199,222,24,"SQLE.primer_left_7",5.67497,"AAAGTGGAAACTCTTGGACCAAGA",60.325,41.667,30.57,30.57,46.5,3.02,249,0,0,0,"GTCTCGTGGGCTCGGAGATGTGTATAAGAGACAGAAAGTGGAAACTCTTGGACCAAGA","chr8_myc","inhibition",1
"TATDN1",421,122,142,21,"TATDN1.primer_left_5",1.139422,"TGCACCTTGGTGTGGAGTCAA",62.139,52.381,19.47,0,36.73,3.18,300,0,1,0,"GTCTCGTGGGCTCGGAGATGTGTATAAGAGACAGTGCACCTTGGTGTGGAGTCAA","chr8_myc","inhibition",1
"TRMT12",431,243,263,21,"TRMT12.primer_left_7",1.471298,"CTGAAGGAGGGCCAAGATGGA",61.529,57.143,6.18,0,40.96,3.41,189,2,1,0,"GTCTCGTGGGCTCGGAGATGTGTATAAGAGACAGCTGAAGGAGGGCCAAGATGGA","chr8_myc","inhibition",1
"WDYHV1",405,222,242,21,"WDYHV1.primer_left_8",1.575614,"GTGCTGTTGTCTGGAAAGGGG",61.424,57.143,0,0,0,4.79,184,0,1,0,"GTCTCGTGGGCTCGGAGATGTGTATAAGAGACAGGTGCTGTTGTCTGGAAAGGGG","chr8_myc","inhibition",1
"ZHX1",418,214,236,23,"ZHX1.primer_left_1",3.977664,"TCTGAGGGGGTTTAATGACCACT",61.022,47.826,0,0,42.94,4,205,0,0,1,"GTCTCGTGGGCTCGGAGATGTGTATAAGAGACAGTCTGAGGGGGTTTAATGACCACT","chr8_myc","inhibition",1
"MYC",481,226,246,21,"MYC.primer_left_0",1.026288,"AGCTACGGAACTCTTGTGCGT",62.026,52.381,0,0,45.42,5.24,256,0,0,0,"GTCTCGTGGGCTCGGAGATGTGTATAAGAGACAGAGCTACGGAACTCTTGTGCGT","chr8_myc","validation",1
"ANGPT1",363,67,90,24,"ANGPT1.primer_left_3",4.143555,"TTGGTGACTTGATCCACTATGCCT",61.856,45.833,0,0,33.99,4.75,297,0,0,0,"GTCTCGTGGGCTCGGAGATGTGTATAAGAGACAGTTGGTGACTTGATCCACTATGCCT","chr8_zfpm2","inhibition",1
"ANKRD46",441,151,172,22,"ANKRD46.primer_left_2",2.220079,"ACAGCTGGCTTTGGAATGGAGA",62.22,50,19.93,0,0,3.71,291,0,0,0,"GTCTCGTGGGCTCGGAGATGTGTATAAGAGACAGACAGCTGGCTTTGGAATGGAGA","chr8_zfpm2","inhibition",1
"ATP6V1C1",490,315,335,21,"ATP6V1C1.primer_left_1",1.76901,"TGTGCACAAAAGCCCTGTTCA",61.231,47.619,19.28,0,0,3.18,176,0,0,0,"GTCTCGTGGGCTCGGAGATGTGTATAAGAGACAGTGTGCACAAAAGCCCTGTTCA","chr8_zfpm2","inhibition",1
"AZIN1",386,185,206,22,"AZIN1.primer_left_2",2.473986,"GGTGCAACTTTGAGTCCTTGGC",62.474,54.545,0,0,36.74,4.52,202,1,0,0,"GTCTCGTGGGCTCGGAGATGTGTATAAGAGACAGGGTGCAACTTTGAGTCCTTGGC","chr8_zfpm2","inhibition",1
"C8orf59",492,294,314,21,"C8orf59.primer_left_0",1.186315,"CCTCAGCAGCGTCATGAAAGC",62.186,57.143,14.53,14.53,0,3.51,199,0,0,2,"GTCTCGTGGGCTCGGAGATGTGTATAAGAGACAGCCTCAGCAGCGTCATGAAAGC","chr8_zfpm2","inhibition",1
"CCNE2",451,214,234,21,"CCNE2.primer_left_6",1.983904,"GGAAAGATGGACTGCTGAGCC",61.016,57.143,0.23,0,0,4.7,238,0,0,1,"GTCTCGTGGGCTCGGAGATGTGTATAAGAGACAGGGAAAGATGGACTGCTGAGCC","chr8_zfpm2","inhibition",1
"COX6C",482,186,207,22,"COX6C.primer_left_5",2.002068,"GCTGAGGGTGAGTGATCAAGGT",62.002,54.545,0,0,0,3.5,297,0,0,0,"GTCTCGTGGGCTCGGAGATGTGTATAAGAGACAGGCTGAGGGTGAGTGATCAAGGT","chr8_zfpm2","inhibition",1
"CPNE3",442,197,217,21,"CPNE3.primer_left_4",1.567986,"GGCCCCATTGCTACTTATGCC",61.432,57.143,0,0,0,4.4,246,0,0,1,"GTCTCGTGGGCTCGGAGATGTGTATAAGAGACAGGGCCCCATTGCTACTTATGCC","chr8_zfpm2","inhibition",1
"CPQ",453,289,308,20,"CPQ.primer_left_8",1.372531,"AGGGATTACAGTGGGGGCAT",60.627,55,0,0,0,4.4,165,1,0,0,"GTCTCGTGGGCTCGGAGATGTGTATAAGAGACAGAGGGATTACAGTGGGGGCAT","chr8_zfpm2","inhibition",1
"DCAF13",442,207,230,24,"DCAF13.primer_left_2",6.583907,"TTGCAATGATGTTTCTTCCTGTGA",59.416,37.5,0,0,0,3.58,236,0,0,0,"GTCTCGTGGGCTCGGAGATGTGTATAAGAGACAGTTGCAATGATGTTTCTTCCTGTGA","chr8_zfpm2","inhibition",1
"DECR1",403,158,177,20,"DECR1.primer_left_7",0.754664,"GGCAGGGAGGTCTGTTGTGG",62.755,65,0,0,37.12,4.17,246,2,1,0,"GTCTCGTGGGCTCGGAGATGTGTATAAGAGACAGGGCAGGGAGGTCTGTTGTGG","chr8_zfpm2","inhibition",1
"DSCC1",373,216,236,21,"DSCC1.primer_left_5",1.541333,"ATCACCAGGACAGTTGGAGGG",61.459,57.143,0,0,39.08,4.3,158,2,0,0,"GTCTCGTGGGCTCGGAGATGTGTATAAGAGACAGATCACCAGGACAGTTGGAGGG","chr8_zfpm2","inhibition",1
"E2F5",499,201,221,21,"E2F5.primer_left_1",1.925712,"ACAGACGTTCACTGCCACTTG",61.074,52.381,2.84,0,38.74,3.16,299,0,0,2,"GTCTCGTGGGCTCGGAGATGTGTATAAGAGACAGACAGACGTTCACTGCCACTTG","chr8_zfpm2","inhibition",1
"EBAG9",405,238,259,22,"EBAG9.primer_left_0",6.035612,"TCAGTACCTCTCAAGCTAGTGT",57.964,45.455,0,0,0,3.55,168,0,0,0,"GTCTCGTGGGCTCGGAGATGTGTATAAGAGACAGTCAGTACCTCTCAAGCTAGTGT","chr8_zfpm2","inhibition",1
"EIF3E",475,221,241,21,"EIF3E.primer_left_2",1.064018,"GGCTCCTAACTGGGCAACTCA",62.064,57.143,0,0,34.87,3.41,255,0,2,0,"GTCTCGTGGGCTCGGAGATGTGTATAAGAGACAGGGCTCCTAACTGGGCAACTCA","chr8_zfpm2","inhibition",1
"EIF3H",435,261,280,20,"EIF3H.primer_left_5",0.647378,"ACACCAGGGCAACTCTTGGA",61.353,55,0.02,0,36.69,3.53,175,5,1,0,"GTCTCGTGGGCTCGGAGATGTGTATAAGAGACAGACACCAGGGCAACTCTTGGA","chr8_zfpm2","inhibition",1
"EMC2",410,203,223,21,"EMC2.primer_left_7",1.657308,"GGGGAGATGGGGGAAATCCAT",61.343,57.143,1.22,0,46.73,3.41,208,2,0,0,"GTCTCGTGGGCTCGGAGATGTGTATAAGAGACAGGGGGAGATGGGGGAAATCCAT","chr8_zfpm2","inhibition",1
"ENY2",424,137,157,21,"ENY2.primer_left_6",1.43592,"ACATTCCTTGCTCAGCATGCC",61.564,52.381,15.66,0,38.76,4.4,288,0,0,0,"GTCTCGTGGGCTCGGAGATGTGTATAAGAGACAGACATTCCTTGCTCAGCATGCC","chr8_zfpm2","inhibition",1
"INTS8",456,289,308,20,"INTS8.primer_left_1",0.600256,"TCAGTGCTCTTCGGTGGTGT",61.4,55,0,0,0,4.16,168,0,0,2,"GTCTCGTGGGCTCGGAGATGTGTATAAGAGACAGTCAGTGCTCTTCGGTGGTGT","chr8_zfpm2","inhibition",1
"LAPTM4B",467,270,290,21,"LAPTM4B.primer_left_3",2.113778,"TTGCCTTCCTTGTATGCGCTT",60.886,47.619,9.73,4.59,0,4.68,198,0,0,0,"GTCTCGTGGGCTCGGAGATGTGTATAAGAGACAGTTGCCTTCCTTGTATGCGCTT","chr8_zfpm2","inhibition",1
"LRRCC1",424,183,203,21,"LRRCC1.primer_left_6",1.576372,"GGACATGAGCTGGCACAACAA",61.424,52.381,0,0,38.7,2.83,242,2,0,0,"GTCTCGTGGGCTCGGAGATGTGTATAAGAGACAGGGACATGAGCTGGCACAACAA","chr8_zfpm2","inhibition",1
"MED30",412,204,225,22,"MED30.primer_left_0",4.305635,"TGGCAATGAGGAACTAAGCTGA",59.694,45.455,0,0,41.55,4.26,209,0,0,0,"GTCTCGTGGGCTCGGAGATGTGTATAAGAGACAGTGGCAATGAGGAACTAAGCTGA","chr8_zfpm2","inhibition",1
"MTDH",419,209,228,20,"MTDH.primer_left_0",0.147933,"ATGTGGCGCCAAGAACGAAC",61.852,55,34.66,17.06,0,3.95,211,0,0,0,"GTCTCGTGGGCTCGGAGATGTGTATAAGAGACAGATGTGGCGCCAAGAACGAAC","chr8_zfpm2","inhibition",1
"NBN",403,229,251,23,"NBN.primer_left_0",4.688972,"TCCCCCATACAAGTATCCAGTCA",60.311,47.826,0,0,0,3.41,175,0,0,0,"GTCTCGTGGGCTCGGAGATGTGTATAAGAGACAGTCCCCCATACAAGTATCCAGTCA","chr8_zfpm2","inhibition",1
"NDUFAF6",458,177,198,22,"NDUFAF6.primer_left_0",2.676078,"GCACCTAAAGCATGCTAGGTCC",61.324,54.545,31.03,22.88,45,4.46,282,0,0,0,"GTCTCGTGGGCTCGGAGATGTGTATAAGAGACAGGCACCTAAAGCATGCTAGGTCC","chr8_zfpm2","inhibition",1
"NUDCD1",423,237,259,23,"NUDCD1.primer_left_1",4.882337,"TGGCCTCTTTGTACTGGAAAAGT",60.118,43.478,3.32,0,43.4,2.66,187,0,0,0,"GTCTCGTGGGCTCGGAGATGTGTATAAGAGACAGTGGCCTCTTTGTACTGGAAAAGT","chr8_zfpm2","inhibition",1
"OTUD6B",424,185,209,25,"OTUD6B.primer_left_1",8.119536,"TGCTTTCTTTTGTCCTAACTCTGAA",58.88,36,0,0,0,3.02,240,0,0,0,"GTCTCGTGGGCTCGGAGATGTGTATAAGAGACAGTGCTTTCTTTTGTCCTAACTCTGAA","chr8_zfpm2","inhibition",1
"OXR1",380,214,237,24,"OXR1.primer_left_4",4.34371,"ACAGGGCATCATTTCCTTGTCTCA",62.344,45.833,0,0,38.09,3.27,167,0,1,0,"GTCTCGTGGGCTCGGAGATGTGTATAAGAGACAGACAGGGCATCATTTCCTTGTCTCA","chr8_zfpm2","inhibition",1
"PABPC1",444,226,251,26,"PABPC1.primer_left_2",9.475299,"ATGTTTTATAGACCCTGGGAAAAAGA",58.525,34.615,22.23,14.78,0,2.52,219,1,0,0,"GTCTCGTGGGCTCGGAGATGTGTATAAGAGACAGATGTTTTATAGACCCTGGGAAAAAGA","chr8_zfpm2","inhibition",1
"PLEKHF2",412,148,171,24,"PLEKHF2.primer_left_0",6.709886,"AGAAAAGCACAACAAAACTAGGGT",59.29,37.5,0,0,0,4.34,265,0,0,0,"GTCTCGTGGGCTCGGAGATGTGTATAAGAGACAGAGAAAAGCACAACAAAACTAGGGT","chr8_zfpm2","inhibition",1
"POLR2K",478,285,306,22,"POLR2K.primer_left_3",3.374913,"GGGGGCACTACTGTACTTAGGA",60.625,54.545,0,0,0,2.94,194,0,0,0,"GTCTCGTGGGCTCGGAGATGTGTATAAGAGACAGGGGGGCACTACTGTACTTAGGA","chr8_zfpm2","inhibition",1
"POP1",455,297,316,20,"POP1.primer_left_7",1.439548,"GGGGGTGATGAGGTGGGGAA",63.44,65,0,0,0,3.97,159,5,8,0,"GTCTCGTGGGCTCGGAGATGTGTATAAGAGACAGGGGGGTGATGAGGTGGGGAA","chr8_zfpm2","inhibition",1
"PTDSS1",359,128,147,20,"PTDSS1.primer_left_6",0.433702,"CTCCCCAGCTAGGTGCCTTT",61.566,60,16.62,0,44.23,3.11,232,2,1,0,"GTCTCGTGGGCTCGGAGATGTGTATAAGAGACAGCTCCCCAGCTAGGTGCCTTT","chr8_zfpm2","inhibition",1
"RAD21",410,128,148,21,"RAD21.primer_left_0",1.485507,"GCCCTGCCTACTACAAGGACA",61.514,57.143,0,0,39.15,4.02,283,1,0,1,"GTCTCGTGGGCTCGGAGATGTGTATAAGAGACAGGCCCTGCCTACTACAAGGACA","chr8_zfpm2","inhibition",1
"RAD54B",447,158,179,22,"RAD54B.primer_left_3",2.054717,"ACCACTCAAGCTACTGGCACAT",61.945,50,0,0,44.79,3.21,290,0,0,2,"GTCTCGTGGGCTCGGAGATGTGTATAAGAGACAGACCACTCAAGCTACTGGCACAT","chr8_zfpm2","inhibition",1
"RIPK2",380,163,185,23,"RIPK2.primer_left_1",6.151121,"TTCTGATGGAAGCCATTTTCACA",58.849,39.13,0,0,45.26,3.58,218,0,0,0,"GTCTCGTGGGCTCGGAGATGTGTATAAGAGACAGTTCTGATGGAAGCCATTTTCACA","chr8_zfpm2","inhibition",1
"RMDN1",362,67,88,22,"RMDN1.primer_left_7",3.193981,"ACAGACAGAAGCTGCTCAGTTG",60.806,50,1,1.95,36.86,3.16,296,0,0,1,"GTCTCGTGGGCTCGGAGATGTGTATAAGAGACAGACAGACAGAAGCTGCTCAGTTG","chr8_zfpm2","inhibition",1
"RNF19A",392,167,187,21,"RNF19A.primer_left_7",1.713842,"CCATGGGCTGCAGTCTTCTTC",61.286,57.143,19.48,0.86,0,2.87,226,1,3,1,"GTCTCGTGGGCTCGGAGATGTGTATAAGAGACAGCCATGGGCTGCAGTCTTCTTC","chr8_zfpm2","inhibition",1
"RPL30",427,152,174,23,"RPL30.primer_left_6",3.379869,"TCTGTCAGTCACTTGGTATCGCA",61.62,47.826,0,0,0,5.1,276,0,0,0,"GTCTCGTGGGCTCGGAGATGTGTATAAGAGACAGTCTGTCAGTCACTTGGTATCGCA","chr8_zfpm2","inhibition",1
"SLC25A32",392,94,117,24,"SLC25A32.primer_left_2",7.733676,"AGTGTTGTTTTCAAAGCCATCTTT",58.266,33.333,0,0,42.92,2.52,299,0,0,0,"GTCTCGTGGGCTCGGAGATGTGTATAAGAGACAGAGTGTTGTTTTCAAAGCCATCTTT","chr8_zfpm2","inhibition",1
"STK3",369,111,131,21,"STK3.primer_left_7",1.270729,"GAGTGGTACAAGCCTTGGGGA",61.729,57.143,9.64,0,44.16,4.81,259,0,0,0,"GTCTCGTGGGCTCGGAGATGTGTATAAGAGACAGGAGTGGTACAAGCCTTGGGGA","chr8_zfpm2","inhibition",1
"TAF2",365,158,181,24,"TAF2.primer_left_0",4.53511,"ACACACCCAACACATACTGTTTCC",61.465,45.833,0,0,41.5,3.13,208,0,0,0,"GTCTCGTGGGCTCGGAGATGTGTATAAGAGACAGACACACCCAACACATACTGTTTCC","chr8_zfpm2","inhibition",1
"UBR5",477,208,227,20,"UBR5.primer_left_0",1.381893,"TGATGGGGCCAATGCACAAT",60.618,50,4.39,0,45.22,2.71,270,0,0,0,"GTCTCGTGGGCTCGGAGATGTGTATAAGAGACAGTGATGGGGCCAATGCACAAT","chr8_zfpm2","inhibition",1
"UQCRB",359,95,115,21,"UQCRB.primer_left_6",1.306374,"ATGCACCCCCTAGTTTGCCAA",62.306,52.381,0,0,33.86,4.52,265,0,0,0,"GTCTCGTGGGCTCGGAGATGTGTATAAGAGACAGATGCACCCCCTAGTTTGCCAA","chr8_zfpm2","inhibition",1
"UTP23",488,209,235,27,"UTP23.primer_left_0",9.775561,"GGTGGATAGAAATGAATAGTTTGGAGT",59.224,37.037,0,0,0,3.85,280,0,0,0,"GTCTCGTGGGCTCGGAGATGTGTATAAGAGACAGGGTGGATAGAAATGAATAGTTTGGAGT","chr8_zfpm2","inhibition",1
"YWHAZ",498,314,336,23,"YWHAZ.primer_left_4",3.202409,"CTCCTCAAGAGCAGGGACAATGT",62.202,52.174,0,0,35.31,2.71,185,5,1,0,"GTCTCGTGGGCTCGGAGATGTGTATAAGAGACAGCTCCTCAAGAGCAGGGACAATGT","chr8_zfpm2","inhibition",1
"ZNF706",463,211,233,23,"ZNF706.primer_left_2",3.226466,"CCTCTTGGGCTTCATGCAAAGAC",62.226,52.174,2.23,0,45.15,3.01,253,1,0,0,"GTCTCGTGGGCTCGGAGATGTGTATAAGAGACAGCCTCTTGGGCTTCATGCAAAGAC","chr8_zfpm2","inhibition",1
"ZFPM2",398,140,159,20,"ZFPM2.primer_left_2",0.142357,"CCTCAGCACGAAGACGACCA",62.142,60,0,0,42.66,4.02,259,0,0,0,"GTCTCGTGGGCTCGGAGATGTGTATAAGAGACAGCCTCAGCACGAAGACGACCA","chr8_zfpm2","validation",1
"GATA1",486,231,250,20,"GATA1.primer_left_1",0.124507,"GGTGCTGTCAGGGCCTGTTA",62.125,60,31.6,20.35,32.61,2.41,256,3,2,0,"GTCTCGTGGGCTCGGAGATGTGTATAAGAGACAGGGTGCTGTCAGGGCCTGTTA","chrX_gata1","validation",1
